--
-- PostgreSQL database dump
--

-- Dumped from database version 16.13
-- Dumped by pg_dump version 16.4

SET statement_timeout = 0;
SET lock_timeout = 0;
SET idle_in_transaction_session_timeout = 0;
SET client_encoding = 'UTF8';
SET standard_conforming_strings = on;
SELECT pg_catalog.set_config('search_path', '', false);
SET check_function_bodies = false;
SET xmloption = content;
SET client_min_messages = warning;
SET row_security = off;

--
-- Data for Name: User; Type: TABLE DATA; Schema: public; Owner: -
--

INSERT INTO public."User" (id, email, "passwordHash", "firstName", "lastName", phone, "isActive", "createdAt", "updatedAt") VALUES ('3036c882-7d21-47cf-97c9-67beebcb3342', 'admin@diblong.com', '$2b$12$KKdc.EyB2V6X/lkb2I5b/edw0edEINKwMBPY7eKCI3m6d6S7oDyrO', 'Diblong', 'Admin', NULL, true, '2026-04-13 18:49:29.818', '2026-04-13 18:49:29.818');


--
-- Data for Name: Address; Type: TABLE DATA; Schema: public; Owner: -
--



--
-- Data for Name: Cart; Type: TABLE DATA; Schema: public; Owner: -
--

INSERT INTO public."Cart" (id, "guestToken", "userId", "updatedAt") VALUES ('26b67a3b-83d9-44a0-a430-6769c03e8892', 'b5c69ea6-88f6-4223-b5c9-d62826ee38b3', NULL, '2026-04-13 18:55:32.631');
INSERT INTO public."Cart" (id, "guestToken", "userId", "updatedAt") VALUES ('096a4a55-378a-498b-b4ee-14249b4d0887', '813b1626-ce51-4f3f-a317-6651ca22177d', NULL, '2026-04-13 19:08:20.53');


--
-- Data for Name: Category; Type: TABLE DATA; Schema: public; Owner: -
--

INSERT INTO public."Category" (id, "sortOrder", "isActive") VALUES ('cat-diblong-main', 1, true);


--
-- Data for Name: Product; Type: TABLE DATA; Schema: public; Owner: -
--

INSERT INTO public."Product" (id, sku, price, "compareAtPrice", stock, "isActive", "isFeatured", "isBestseller", popularity, "categoryId") VALUES ('214399ed-8ca6-404c-bd35-89208c8610bf', 'DL-DRINK', 34.90, NULL, 120, true, true, false, 88, 'cat-diblong-main');
INSERT INTO public."Product" (id, sku, price, "compareAtPrice", stock, "isActive", "isFeatured", "isBestseller", popularity, "categoryId") VALUES ('b7b04cbf-1ecc-4979-848c-fad81e474084', 'DL-SHOT', 6.90, NULL, 400, true, true, true, 100, 'cat-diblong-main');
INSERT INTO public."Product" (id, sku, price, "compareAtPrice", stock, "isActive", "isFeatured", "isBestseller", popularity, "categoryId") VALUES ('24f42c31-9558-4358-a990-c471724df551', 'DL-HONEY', 39.90, NULL, 200, true, true, false, 92, 'cat-diblong-main');
INSERT INTO public."Product" (id, sku, price, "compareAtPrice", stock, "isActive", "isFeatured", "isBestseller", popularity, "categoryId") VALUES ('be88a6c0-08e6-47bb-98f4-3da25fca7bc7', 'DL-PASTE', 32.90, NULL, 90, true, false, false, 70, 'cat-diblong-main');
INSERT INTO public."Product" (id, sku, price, "compareAtPrice", stock, "isActive", "isFeatured", "isBestseller", popularity, "categoryId") VALUES ('e5dd4d78-cc89-4099-9756-f18c1817e3ea', 'DL-BONBON', 18.90, NULL, 300, true, false, true, 95, 'cat-diblong-main');
INSERT INTO public."Product" (id, sku, price, "compareAtPrice", stock, "isActive", "isFeatured", "isBestseller", popularity, "categoryId") VALUES ('a7837b0d-dc60-4d4c-81ac-ae613d4163c8', 'DL-CAPSULE', 28.90, NULL, 250, true, false, false, 84, 'cat-diblong-main');
INSERT INTO public."Product" (id, sku, price, "compareAtPrice", stock, "isActive", "isFeatured", "isBestseller", popularity, "categoryId") VALUES ('eaefca8f-fe12-4c20-9a6b-e121112d0b78', 'DL-LOKUM', 14.90, NULL, 160, true, false, false, 62, 'cat-diblong-main');
INSERT INTO public."Product" (id, sku, price, "compareAtPrice", stock, "isActive", "isFeatured", "isBestseller", popularity, "categoryId") VALUES ('cb118746-e14a-45f5-b52d-56875b14db0d', 'DL-CHOCO', 12.90, NULL, 220, true, false, false, 78, 'cat-diblong-main');
INSERT INTO public."Product" (id, sku, price, "compareAtPrice", stock, "isActive", "isFeatured", "isBestseller", popularity, "categoryId") VALUES ('3b28d4b8-8260-4684-ba66-b318236403c7', 'DL-LADY-CHOCO', 12.90, NULL, 210, true, false, false, 76, 'cat-diblong-main');
INSERT INTO public."Product" (id, sku, price, "compareAtPrice", stock, "isActive", "isFeatured", "isBestseller", popularity, "categoryId") VALUES ('8fdb2865-3d0a-4635-9dbd-b7cdf2d7f9d1', 'DL-COFFEE', 22.90, NULL, 180, true, false, false, 86, 'cat-diblong-main');
INSERT INTO public."Product" (id, sku, price, "compareAtPrice", stock, "isActive", "isFeatured", "isBestseller", popularity, "categoryId") VALUES ('2fc8ab3e-4baf-4bdf-a945-6d6013ff4540', 'DL-TOWEL', 24.90, NULL, 140, true, false, false, 68, 'cat-diblong-main');
INSERT INTO public."Product" (id, sku, price, "compareAtPrice", stock, "isActive", "isFeatured", "isBestseller", popularity, "categoryId") VALUES ('c5f1a00a-8833-4fac-b6d7-163047250ee2', 'DL-SPRAY', 29.90, NULL, 190, true, false, false, 90, 'cat-diblong-main');
INSERT INTO public."Product" (id, sku, price, "compareAtPrice", stock, "isActive", "isFeatured", "isBestseller", popularity, "categoryId") VALUES ('deaab242-7bbf-4abc-846e-51158b4782a5', 'DL-JELLY', 16.90, NULL, 260, true, false, false, 82, 'cat-diblong-main');
INSERT INTO public."Product" (id, sku, price, "compareAtPrice", stock, "isActive", "isFeatured", "isBestseller", popularity, "categoryId") VALUES ('6f7a6021-752c-4c7c-8884-561e6786dce7', 'DL-CONDOM', 14.90, NULL, 500, true, false, false, 96, 'cat-diblong-main');


--
-- Data for Name: CartItem; Type: TABLE DATA; Schema: public; Owner: -
--

INSERT INTO public."CartItem" ("cartId", "productId", qty) VALUES ('26b67a3b-83d9-44a0-a430-6769c03e8892', 'b7b04cbf-1ecc-4979-848c-fad81e474084', 1);
INSERT INTO public."CartItem" ("cartId", "productId", qty) VALUES ('096a4a55-378a-498b-b4ee-14249b4d0887', '24f42c31-9558-4358-a990-c471724df551', 1);
INSERT INTO public."CartItem" ("cartId", "productId", qty) VALUES ('096a4a55-378a-498b-b4ee-14249b4d0887', '6f7a6021-752c-4c7c-8884-561e6786dce7', 1);


--
-- Data for Name: CategoryTranslation; Type: TABLE DATA; Schema: public; Owner: -
--

INSERT INTO public."CategoryTranslation" (id, "categoryId", locale, title, slug, "introHtml", "faqJson", "metaTitle", "metaDescription", "ogTitle", "ogDescription", "ogImageUrl", "canonicalPath") VALUES ('43b83550-c277-4c6a-9ba5-0d58856f379d', 'cat-diblong-main', 'sl', 'Diblong linija', 'diblong-linija', '<p>Izbrana linija zeliščnih izdelkov za zrelo, elegantno doživetje vsakdana. Teksture in formule so prilagojene ritualu nege.</p>', '[{"q":{"sl":"Ali so izdelki diskretno pakirani?","en":"Is packaging discreet?","hr":"Je li pakiranje diskretno?"},"a":{"sl":"Da — nevpadljiva pošiljka brez opisnih oznak vsebine.","en":"Yes — neutral outer packaging without descriptive markings.","hr":"Da — neutralno vanjsko pakiranje bez opisnih oznaka."}}]', 'Kategorija Diblong | Premium intimna nega', 'Odkrijte Diblong linijo: zeliščni rituali nege v premium izvedbi.', 'Diblong linija', 'Premium zeliščna linija za intimno dobrobit.', NULL, '/sl/kategorija/diblong-linija');
INSERT INTO public."CategoryTranslation" (id, "categoryId", locale, title, slug, "introHtml", "faqJson", "metaTitle", "metaDescription", "ogTitle", "ogDescription", "ogImageUrl", "canonicalPath") VALUES ('27a2e939-a223-47b0-b30c-1227c9232a90', 'cat-diblong-main', 'en', 'Diblong line', 'diblong-line', '<p>A curated herbal line for a mature, elegant daily ritual. Textures and formulas support mindful care.</p>', '[{"q":{"sl":"Ali so izdelki diskretno pakirani?","en":"Is packaging discreet?","hr":"Je li pakiranje diskretno?"},"a":{"sl":"Da — nevpadljiva pošiljka brez opisnih oznak vsebine.","en":"Yes — neutral outer packaging without descriptive markings.","hr":"Da — neutralno vanjsko pakiranje bez opisnih oznaka."}}]', 'Diblong category | Premium intimate care', 'Explore the Diblong line — herbal rituals in a premium expression.', 'Diblong line', 'Premium herbal line for intimate wellness.', NULL, '/en/category/diblong-line');
INSERT INTO public."CategoryTranslation" (id, "categoryId", locale, title, slug, "introHtml", "faqJson", "metaTitle", "metaDescription", "ogTitle", "ogDescription", "ogImageUrl", "canonicalPath") VALUES ('2bd6dff8-077b-489d-a7f0-a213d65d0f9a', 'cat-diblong-main', 'hr', 'Diblong linija', 'diblong-linija', '<p>Odabrana biljna linija za zrelo, elegantno svakodnevicu. Teksture i formule podržavaju njegu kao ritual.</p>', '[{"q":{"sl":"Ali so izdelki diskretno pakirani?","en":"Is packaging discreet?","hr":"Je li pakiranje diskretno?"},"a":{"sl":"Da — nevpadljiva pošiljka brez opisnih oznak vsebine.","en":"Yes — neutral outer packaging without descriptive markings.","hr":"Da — neutralno vanjsko pakiranje bez opisnih oznaka."}}]', 'Diblong linija | Premium intimna njega', 'Otkrijte Diblong liniju — biljni rituali u premium izvedbi.', 'Diblong linija', 'Premium biljna linija za intimnu dobrobit.', NULL, '/hr/kategorija/diblong-linija');


--
-- Data for Name: MediaAsset; Type: TABLE DATA; Schema: public; Owner: -
--

INSERT INTO public."MediaAsset" (id, "sourceUrl", "storedPath", "mimeType", "fileName", width, height, "createdAt") VALUES ('1f77f29f-c420-41e8-a120-e90feed89b89', NULL, '/uploads/placeholder-a8dd556c.svg', 'image/svg+xml', 'placeholder-a8dd556c.svg', NULL, NULL, '2026-04-13 18:49:29.919');
INSERT INTO public."MediaAsset" (id, "sourceUrl", "storedPath", "mimeType", "fileName", width, height, "createdAt") VALUES ('c3705814-5495-4325-9b4b-33ff236494ff', 'https://diblong.com/assets/images/shot-yazi-yani.webp', '/uploads/dl-shot-b5492fa9.webp', 'image/webp', 'dl-shot-b5492fa9.webp', NULL, NULL, '2026-04-13 18:49:30.092');
INSERT INTO public."MediaAsset" (id, "sourceUrl", "storedPath", "mimeType", "fileName", width, height, "createdAt") VALUES ('a1f6befa-3332-44e9-95d3-d36879fc9024', 'https://diblong.com/assets/images/honey/k1.webp', '/uploads/dl-honey-982d5137.webp', 'image/webp', 'dl-honey-982d5137.webp', NULL, NULL, '2026-04-13 18:49:30.141');
INSERT INTO public."MediaAsset" (id, "sourceUrl", "storedPath", "mimeType", "fileName", width, height, "createdAt") VALUES ('02605e7b-0c38-457f-b8f4-f96e619d8dc2', 'https://diblong.com/assets/images/bonbon-yazi-yani.webp', '/uploads/dl-bonbon-363bea78.webp', 'image/webp', 'dl-bonbon-363bea78.webp', NULL, NULL, '2026-04-13 18:49:30.179');
INSERT INTO public."MediaAsset" (id, "sourceUrl", "storedPath", "mimeType", "fileName", width, height, "createdAt") VALUES ('2f53be66-624d-4296-b8a7-0ba39568401d', 'https://diblong.com/assets/images/bonbon/k1.webp', '/uploads/dl-bonbon-f6480246.webp', 'image/webp', 'dl-bonbon-f6480246.webp', NULL, NULL, '2026-04-13 18:49:30.232');
INSERT INTO public."MediaAsset" (id, "sourceUrl", "storedPath", "mimeType", "fileName", width, height, "createdAt") VALUES ('3d9cf5e6-8b74-41e1-94b4-6d3d49db0c4b', 'https://diblong.com/assets/images/kapsul-yazi-yani.webp', '/uploads/dl-capsule-5f08434e.webp', 'image/webp', 'dl-capsule-5f08434e.webp', NULL, NULL, '2026-04-13 18:49:30.277');
INSERT INTO public."MediaAsset" (id, "sourceUrl", "storedPath", "mimeType", "fileName", width, height, "createdAt") VALUES ('139a5c78-5bc3-4767-9c36-c4d85e87a0b8', 'https://diblong.com/assets/images/kahve-yazi-yani.webp', '/uploads/dl-coffee-f0a14f90.webp', 'image/webp', 'dl-coffee-f0a14f90.webp', NULL, NULL, '2026-04-13 18:49:30.316');
INSERT INTO public."MediaAsset" (id, "sourceUrl", "storedPath", "mimeType", "fileName", width, height, "createdAt") VALUES ('9183e6d6-091f-4958-bc76-94c8f7f6f363', 'https://diblong.com/assets/images/upl/mendilmanset.png', '/uploads/dl-towel-da7c02a5.png', 'image/png', 'dl-towel-da7c02a5.png', NULL, NULL, '2026-04-13 18:49:30.869');
INSERT INTO public."MediaAsset" (id, "sourceUrl", "storedPath", "mimeType", "fileName", width, height, "createdAt") VALUES ('9bff6862-eb3b-4fff-990a-d8a2e04d706f', 'https://diblong.com/assets/images/upl/spreymanset.png', '/uploads/dl-spray-9bb33a4d.png', 'image/png', 'dl-spray-9bb33a4d.png', NULL, NULL, '2026-04-13 18:49:31.489');
INSERT INTO public."MediaAsset" (id, "sourceUrl", "storedPath", "mimeType", "fileName", width, height, "createdAt") VALUES ('63842f67-5079-476b-ab48-b7be9df88bd5', 'https://diblong.com/assets/images/jel-yazi-yani.webp', '/uploads/dl-jelly-31d22a17.webp', 'image/webp', 'dl-jelly-31d22a17.webp', NULL, NULL, '2026-04-13 18:49:31.533');
INSERT INTO public."MediaAsset" (id, "sourceUrl", "storedPath", "mimeType", "fileName", width, height, "createdAt") VALUES ('39004dfd-ca10-4a2f-8c8c-90016ed72bb1', 'https://diblong.com/assets/images/YAKIN-TEMAS-3.jpg', '/uploads/dl-condom-077353ec.jpg', 'image/jpeg', 'dl-condom-077353ec.jpg', NULL, NULL, '2026-04-13 18:49:31.918');


--
-- Data for Name: Order; Type: TABLE DATA; Schema: public; Owner: -
--

INSERT INTO public."Order" (id, "userId", "guestEmail", status, currency, subtotal, "shippingTotal", total, "shippingAddress", "billingAddress", "countryCode", "paymentProvider", "paymentReference", "adminNotes", "createdAt", "updatedAt") VALUES ('49d1dd8e-8159-424e-960e-8dc86cdd7b7e', '3036c882-7d21-47cf-97c9-67beebcb3342', NULL, 'DELIVERED', 'EUR', 27.60, 4.90, 32.50, NULL, NULL, 'SI', NULL, NULL, NULL, '2026-04-13 18:49:31.97', '2026-04-13 18:49:31.97');


--
-- Data for Name: OrderItem; Type: TABLE DATA; Schema: public; Owner: -
--

INSERT INTO public."OrderItem" (id, "orderId", "productId", "titleSnapshot", "unitPrice", qty) VALUES ('c2b6f944-5c61-47d4-9832-911ccaa5596d', '49d1dd8e-8159-424e-960e-8dc86cdd7b7e', 'b7b04cbf-1ecc-4979-848c-fad81e474084', 'Diblong Shot', 6.90, 4);


--
-- Data for Name: Page; Type: TABLE DATA; Schema: public; Owner: -
--

INSERT INTO public."Page" (id, key) VALUES ('6172062c-9f51-44e3-9b19-f367bf6c0109', 'ABOUT');
INSERT INTO public."Page" (id, key) VALUES ('563196ce-a814-4cbf-bcd7-fd8548f34bf4', 'FAQ');
INSERT INTO public."Page" (id, key) VALUES ('cefc3a30-75ee-4788-9893-90582f0fa2f8', 'SHIPPING');
INSERT INTO public."Page" (id, key) VALUES ('d707f4b9-da27-4e27-891a-7072a5b08a3f', 'PRIVACY');
INSERT INTO public."Page" (id, key) VALUES ('642e71b8-c606-4b68-90d5-2362d635d260', 'TERMS');
INSERT INTO public."Page" (id, key) VALUES ('e7b0ddf4-1b67-4553-a7bb-029b473af754', 'CONTACT');


--
-- Data for Name: PageTranslation; Type: TABLE DATA; Schema: public; Owner: -
--

INSERT INTO public."PageTranslation" (id, "pageId", locale, title, slug, "bodyHtml", "metaTitle", "metaDescription", "ogTitle", "ogDescription", "ogImageUrl", "canonicalPath") VALUES ('35c3b837-0a67-4590-8ed1-44c4fa6ef952', '6172062c-9f51-44e3-9b19-f367bf6c0109', 'sl', 'O znamki', 'o-znamki', '<p>Diblong je globalna znamka odraslih zeliščnih izdelkov, zasnovana za diskretno, elegantno doživetje intimnega dobrega počutja. Naša oblika, vonj in tekstura so skrbno uravnoteženi za sodoben, premičen življenjski slog.</p>', 'O znamki | Diblong', 'Diblong — o znamki in filozofiji premium intimne nege.', 'O znamki', 'Diblong — o znamki in filozofiji premium intimne nege.', NULL, '/sl/o-znamki');
INSERT INTO public."PageTranslation" (id, "pageId", locale, title, slug, "bodyHtml", "metaTitle", "metaDescription", "ogTitle", "ogDescription", "ogImageUrl", "canonicalPath") VALUES ('83e0c302-bc76-411c-bdfa-dcb087596b26', '6172062c-9f51-44e3-9b19-f367bf6c0109', 'en', 'About the brand', 'about', '<p>Diblong is a global adult herbal brand crafted for discreet, elegant intimate wellness. Form, aroma, and texture are balanced for a modern, premium lifestyle.</p>', 'About the brand | Diblong', 'Diblong — brand story and philosophy of premium intimate care.', 'About the brand', 'Diblong — brand story and philosophy of premium intimate care.', NULL, '/en/about');
INSERT INTO public."PageTranslation" (id, "pageId", locale, title, slug, "bodyHtml", "metaTitle", "metaDescription", "ogTitle", "ogDescription", "ogImageUrl", "canonicalPath") VALUES ('b4cdeb77-d0f0-4056-bfa1-6549f33fb30e', '6172062c-9f51-44e3-9b19-f367bf6c0109', 'hr', 'O brendu', 'o-brendu', '<p>Diblong je globalni biljni brend za odrasle, oblikovan za diskretno, elegantno intimno dobrobit. Tekstura i nota pažljivo su uravnotežene za suvremeni, premium životni stil.</p>', 'O brendu | Diblong', 'Diblong — priča o brendu i filozofiji premium intimne njege.', 'O brendu', 'Diblong — priča o brendu i filozofiji premium intimne njege.', NULL, '/hr/o-brendu');
INSERT INTO public."PageTranslation" (id, "pageId", locale, title, slug, "bodyHtml", "metaTitle", "metaDescription", "ogTitle", "ogDescription", "ogImageUrl", "canonicalPath") VALUES ('a9d0e3c3-3202-4818-9838-45f932318bd1', '563196ce-a814-4cbf-bcd7-fd8548f34bf4', 'sl', 'Pogosta vprašanja', 'pogosta-vprasanja', '<p>Odgovori na najpogostejša vprašanja o naročilih, dostavi in zasebnosti.</p>', 'Pogosta vprašanja | Diblong', 'Pogosta vprašanja — Diblong trgovina.', 'Pogosta vprašanja', 'Pogosta vprašanja — Diblong trgovina.', NULL, '/sl/pogosta-vprasanja');
INSERT INTO public."PageTranslation" (id, "pageId", locale, title, slug, "bodyHtml", "metaTitle", "metaDescription", "ogTitle", "ogDescription", "ogImageUrl", "canonicalPath") VALUES ('54672bf6-180e-4fb0-8d04-6a97c49d6296', '563196ce-a814-4cbf-bcd7-fd8548f34bf4', 'en', 'FAQ', 'faq', '<p>Answers about orders, delivery, and privacy.</p>', 'FAQ | Diblong', 'Frequently asked questions — Diblong shop.', 'FAQ', 'Frequently asked questions — Diblong shop.', NULL, '/en/faq');
INSERT INTO public."PageTranslation" (id, "pageId", locale, title, slug, "bodyHtml", "metaTitle", "metaDescription", "ogTitle", "ogDescription", "ogImageUrl", "canonicalPath") VALUES ('d65c76e4-67ff-4855-b7da-e49d79e32f41', '563196ce-a814-4cbf-bcd7-fd8548f34bf4', 'hr', 'Česta pitanja', 'cesta-pitanja', '<p>Odgovori o narudžbama, dostavi i privatnosti.</p>', 'Česta pitanja | Diblong', 'Česta pitanja — Diblong trgovina.', 'Česta pitanja', 'Česta pitanja — Diblong trgovina.', NULL, '/hr/cesta-pitanja');
INSERT INTO public."PageTranslation" (id, "pageId", locale, title, slug, "bodyHtml", "metaTitle", "metaDescription", "ogTitle", "ogDescription", "ogImageUrl", "canonicalPath") VALUES ('397aa35d-20fb-439e-b877-9fa75392a81c', 'cefc3a30-75ee-4788-9893-90582f0fa2f8', 'sl', 'Dostava in prevzem', 'dostava', '<p>Dostavljamo v več držav. Stroške dostave izračunamo ob zaključku nakupa glede na državo in veljavne tarife.</p>', 'Dostava in prevzem | Diblong', 'Informacije o dostavi — Diblong.', 'Dostava in prevzem', 'Informacije o dostavi — Diblong.', NULL, '/sl/dostava');
INSERT INTO public."PageTranslation" (id, "pageId", locale, title, slug, "bodyHtml", "metaTitle", "metaDescription", "ogTitle", "ogDescription", "ogImageUrl", "canonicalPath") VALUES ('24e4e45c-1974-4244-ac2f-94f2cb67f192', 'cefc3a30-75ee-4788-9893-90582f0fa2f8', 'en', 'Shipping & delivery', 'shipping', '<p>We ship to multiple countries. Shipping is calculated at checkout based on country and active rates.</p>', 'Shipping & delivery | Diblong', 'Shipping information — Diblong.', 'Shipping & delivery', 'Shipping information — Diblong.', NULL, '/en/shipping');
INSERT INTO public."PageTranslation" (id, "pageId", locale, title, slug, "bodyHtml", "metaTitle", "metaDescription", "ogTitle", "ogDescription", "ogImageUrl", "canonicalPath") VALUES ('d4d104b3-5c63-4940-beda-ca9c90fa504a', 'cefc3a30-75ee-4788-9893-90582f0fa2f8', 'hr', 'Dostava i isporuka', 'dostava', '<p>Isporuka u više zemalja. Trošak se obračunava pri završetku kupnje prema zemlji i tarifama.</p>', 'Dostava i isporuka | Diblong', 'Informacije o dostavi — Diblong.', 'Dostava i isporuka', 'Informacije o dostavi — Diblong.', NULL, '/hr/dostava');
INSERT INTO public."PageTranslation" (id, "pageId", locale, title, slug, "bodyHtml", "metaTitle", "metaDescription", "ogTitle", "ogDescription", "ogImageUrl", "canonicalPath") VALUES ('92275181-23dc-4328-8de3-9061d01c7b6c', 'd707f4b9-da27-4e27-891a-7072a5b08a3f', 'sl', 'Politika zasebnosti', 'politika-zasebnosti', '<p>Varujemo vaše podatke v skladu z veljavno zakonodajo. Kontakt: privacy@diblong.com (vzorec).</p>', 'Politika zasebnosti | Diblong', 'Politika zasebnosti — Diblong.', 'Politika zasebnosti', 'Politika zasebnosti — Diblong.', NULL, '/sl/politika-zasebnosti');
INSERT INTO public."PageTranslation" (id, "pageId", locale, title, slug, "bodyHtml", "metaTitle", "metaDescription", "ogTitle", "ogDescription", "ogImageUrl", "canonicalPath") VALUES ('15a185f4-8bdc-4a3c-b472-ad2c1182afe0', 'd707f4b9-da27-4e27-891a-7072a5b08a3f', 'en', 'Privacy policy', 'privacy-policy', '<p>We protect your data in line with applicable law. Contact: privacy@diblong.com (sample).</p>', 'Privacy policy | Diblong', 'Privacy policy — Diblong.', 'Privacy policy', 'Privacy policy — Diblong.', NULL, '/en/privacy-policy');
INSERT INTO public."PageTranslation" (id, "pageId", locale, title, slug, "bodyHtml", "metaTitle", "metaDescription", "ogTitle", "ogDescription", "ogImageUrl", "canonicalPath") VALUES ('36a4604b-c266-4648-8f0f-5ed440486662', 'd707f4b9-da27-4e27-891a-7072a5b08a3f', 'hr', 'Politika privatnosti', 'politika-privatnosti', '<p>Štitimo vaše podatke u skladu s važećim propisima. Kontakt: privacy@diblong.com (uzorak).</p>', 'Politika privatnosti | Diblong', 'Politika privatnosti — Diblong.', 'Politika privatnosti', 'Politika privatnosti — Diblong.', NULL, '/hr/politika-privatnosti');
INSERT INTO public."PageTranslation" (id, "pageId", locale, title, slug, "bodyHtml", "metaTitle", "metaDescription", "ogTitle", "ogDescription", "ogImageUrl", "canonicalPath") VALUES ('2aa55b75-3114-4fa5-84e2-0e7663bccf7c', '642e71b8-c606-4b68-90d5-2362d635d260', 'sl', 'Pogoji poslovanja', 'pogoji-poslovanja', '<p>Splošni pogoji nakupa v spletni trgovini Diblong (vzorec dokumenta za razvoj).</p>', 'Pogoji poslovanja | Diblong', 'Pogoji poslovanja — Diblong.', 'Pogoji poslovanja', 'Pogoji poslovanja — Diblong.', NULL, '/sl/pogoji-poslovanja');
INSERT INTO public."PageTranslation" (id, "pageId", locale, title, slug, "bodyHtml", "metaTitle", "metaDescription", "ogTitle", "ogDescription", "ogImageUrl", "canonicalPath") VALUES ('5a43a6c9-d607-4ebd-ba4b-5015d211ea3b', '642e71b8-c606-4b68-90d5-2362d635d260', 'en', 'Terms & conditions', 'terms', '<p>General terms for purchases at Diblong online shop (sample for development).</p>', 'Terms & conditions | Diblong', 'Terms & conditions — Diblong.', 'Terms & conditions', 'Terms & conditions — Diblong.', NULL, '/en/terms');
INSERT INTO public."PageTranslation" (id, "pageId", locale, title, slug, "bodyHtml", "metaTitle", "metaDescription", "ogTitle", "ogDescription", "ogImageUrl", "canonicalPath") VALUES ('706bc073-6c84-4991-b0bc-0dd4da5bdb2c', '642e71b8-c606-4b68-90d5-2362d635d260', 'hr', 'Uvjeti korištenja', 'uvjeti-koristenja', '<p>Opći uvjeti kupnje u web trgovini Diblong (uzorak za razvoj).</p>', 'Uvjeti korištenja | Diblong', 'Uvjeti korištenja — Diblong.', 'Uvjeti korištenja', 'Uvjeti korištenja — Diblong.', NULL, '/hr/uvjeti-koristenja');
INSERT INTO public."PageTranslation" (id, "pageId", locale, title, slug, "bodyHtml", "metaTitle", "metaDescription", "ogTitle", "ogDescription", "ogImageUrl", "canonicalPath") VALUES ('397ea7ff-a690-4442-8275-bdef8710c521', 'e7b0ddf4-1b67-4553-a7bb-029b473af754', 'sl', 'Kontakt', 'kontakt', '<p>Za B2B in medijske povpraševanja pišite na support@diblong.com (vzorec).</p>', 'Kontakt | Diblong', 'Kontakt — Diblong.', 'Kontakt', 'Kontakt — Diblong.', NULL, '/sl/kontakt');
INSERT INTO public."PageTranslation" (id, "pageId", locale, title, slug, "bodyHtml", "metaTitle", "metaDescription", "ogTitle", "ogDescription", "ogImageUrl", "canonicalPath") VALUES ('0aee0ea8-19f5-469a-bf4f-be2c5223fe1d', 'e7b0ddf4-1b67-4553-a7bb-029b473af754', 'en', 'Contact', 'contact', '<p>For B2B and media inquiries write to support@diblong.com (sample).</p>', 'Contact | Diblong', 'Contact — Diblong.', 'Contact', 'Contact — Diblong.', NULL, '/en/contact');
INSERT INTO public."PageTranslation" (id, "pageId", locale, title, slug, "bodyHtml", "metaTitle", "metaDescription", "ogTitle", "ogDescription", "ogImageUrl", "canonicalPath") VALUES ('ba02867a-6d48-4b94-94ed-daeef456ef62', 'e7b0ddf4-1b67-4553-a7bb-029b473af754', 'hr', 'Kontakt', 'kontakt', '<p>Za B2B i medijske upite pišite na support@diblong.com (uzorak).</p>', 'Kontakt | Diblong', 'Kontakt — Diblong.', 'Kontakt', 'Kontakt — Diblong.', NULL, '/hr/kontakt');


--
-- Data for Name: ProductImage; Type: TABLE DATA; Schema: public; Owner: -
--

INSERT INTO public."ProductImage" (id, "productId", "mediaAssetId", "sortOrder") VALUES ('9acff116-a17e-45e3-adfc-4193a6274779', '214399ed-8ca6-404c-bd35-89208c8610bf', '1f77f29f-c420-41e8-a120-e90feed89b89', 0);
INSERT INTO public."ProductImage" (id, "productId", "mediaAssetId", "sortOrder") VALUES ('1b456e55-97f1-478f-91d1-9b6e20cee350', 'b7b04cbf-1ecc-4979-848c-fad81e474084', 'c3705814-5495-4325-9b4b-33ff236494ff', 0);
INSERT INTO public."ProductImage" (id, "productId", "mediaAssetId", "sortOrder") VALUES ('b863deb9-5456-47df-9346-0297f063e0ba', '24f42c31-9558-4358-a990-c471724df551', 'a1f6befa-3332-44e9-95d3-d36879fc9024', 0);
INSERT INTO public."ProductImage" (id, "productId", "mediaAssetId", "sortOrder") VALUES ('e5c34389-a5bf-44f4-8ff7-7ed21194c165', 'be88a6c0-08e6-47bb-98f4-3da25fca7bc7', '1f77f29f-c420-41e8-a120-e90feed89b89', 0);
INSERT INTO public."ProductImage" (id, "productId", "mediaAssetId", "sortOrder") VALUES ('bd81dce9-a4cb-4d69-9894-a9877c7b492e', 'e5dd4d78-cc89-4099-9756-f18c1817e3ea', '02605e7b-0c38-457f-b8f4-f96e619d8dc2', 0);
INSERT INTO public."ProductImage" (id, "productId", "mediaAssetId", "sortOrder") VALUES ('49d53702-473f-459f-974b-289d78a89e5f', 'e5dd4d78-cc89-4099-9756-f18c1817e3ea', '2f53be66-624d-4296-b8a7-0ba39568401d', 1);
INSERT INTO public."ProductImage" (id, "productId", "mediaAssetId", "sortOrder") VALUES ('9fc60282-5472-4193-a882-461723e1157b', 'a7837b0d-dc60-4d4c-81ac-ae613d4163c8', '3d9cf5e6-8b74-41e1-94b4-6d3d49db0c4b', 0);
INSERT INTO public."ProductImage" (id, "productId", "mediaAssetId", "sortOrder") VALUES ('2b177fec-fa01-49be-980e-edacab5831d1', 'eaefca8f-fe12-4c20-9a6b-e121112d0b78', '1f77f29f-c420-41e8-a120-e90feed89b89', 0);
INSERT INTO public."ProductImage" (id, "productId", "mediaAssetId", "sortOrder") VALUES ('5bdd82db-1d54-4d57-977c-115cd3c52dcc', 'cb118746-e14a-45f5-b52d-56875b14db0d', '1f77f29f-c420-41e8-a120-e90feed89b89', 0);
INSERT INTO public."ProductImage" (id, "productId", "mediaAssetId", "sortOrder") VALUES ('87b7dc32-3cbf-45a0-8dee-fbd002197e3a', '3b28d4b8-8260-4684-ba66-b318236403c7', '1f77f29f-c420-41e8-a120-e90feed89b89', 0);
INSERT INTO public."ProductImage" (id, "productId", "mediaAssetId", "sortOrder") VALUES ('0a7d9396-c5c2-461e-8738-d942a5139e15', '8fdb2865-3d0a-4635-9dbd-b7cdf2d7f9d1', '139a5c78-5bc3-4767-9c36-c4d85e87a0b8', 0);
INSERT INTO public."ProductImage" (id, "productId", "mediaAssetId", "sortOrder") VALUES ('548b9b10-2d21-47a7-a4bd-6757a5d19a61', '2fc8ab3e-4baf-4bdf-a945-6d6013ff4540', '9183e6d6-091f-4958-bc76-94c8f7f6f363', 0);
INSERT INTO public."ProductImage" (id, "productId", "mediaAssetId", "sortOrder") VALUES ('d8093581-5225-4eef-a9be-c27ec8cc9b08', 'c5f1a00a-8833-4fac-b6d7-163047250ee2', '9bff6862-eb3b-4fff-990a-d8a2e04d706f', 0);
INSERT INTO public."ProductImage" (id, "productId", "mediaAssetId", "sortOrder") VALUES ('50ae8bb5-a97f-452a-a730-48ddb0d2f293', 'deaab242-7bbf-4abc-846e-51158b4782a5', '63842f67-5079-476b-ab48-b7be9df88bd5', 0);
INSERT INTO public."ProductImage" (id, "productId", "mediaAssetId", "sortOrder") VALUES ('e508bb4b-9be4-4a01-9500-5b103be3ddcb', '6f7a6021-752c-4c7c-8884-561e6786dce7', '39004dfd-ca10-4a2f-8c8c-90016ed72bb1', 0);


--
-- Data for Name: ProductRelation; Type: TABLE DATA; Schema: public; Owner: -
--

INSERT INTO public."ProductRelation" ("fromProductId", "toProductId") VALUES ('b7b04cbf-1ecc-4979-848c-fad81e474084', '24f42c31-9558-4358-a990-c471724df551');
INSERT INTO public."ProductRelation" ("fromProductId", "toProductId") VALUES ('e5dd4d78-cc89-4099-9756-f18c1817e3ea', '24f42c31-9558-4358-a990-c471724df551');


--
-- Data for Name: ProductTranslation; Type: TABLE DATA; Schema: public; Owner: -
--

INSERT INTO public."ProductTranslation" (id, "productId", locale, title, slug, "shortDescription", "longDescription", "usageNotes", "faqJson", disclaimer, "metaTitle", "metaDescription", "ogTitle", "ogDescription", "ogImageUrl", "canonicalPath") VALUES ('0845abd6-a7a6-4604-9aeb-b9544f3a3db0', '214399ed-8ca6-404c-bd35-89208c8610bf', 'sl', 'Diblong Drink', 'diblong-drink', 'Uravnotežena pijača za večerno umiritev in zrelo doživetje.', '<p>Subtilna nota zelišč in elegantna sladkoba ustvarita za trenutke, ko želite počasnejši ritem. Priporočamo zmernost in spoštovanje osebnih meja.</p>', 'Servirajte ohlajeno. Ne mešajte z alkoholom, če ste občutljivi na stimulacije.', NULL, 'Prehransko dopolnilo ni nadomestek za uravnoteženo prehrano. Shranjujte izven dosega otrok.', 'Diblong Drink | Diblong', 'Uravnotežena pijača za večerno umiritev in zrelo doživetje.', 'Diblong Drink', 'Uravnotežena pijača za večerno umiritev in zrelo doživetje.', NULL, '/sl/izdelek/diblong-drink');
INSERT INTO public."ProductTranslation" (id, "productId", locale, title, slug, "shortDescription", "longDescription", "usageNotes", "faqJson", disclaimer, "metaTitle", "metaDescription", "ogTitle", "ogDescription", "ogImageUrl", "canonicalPath") VALUES ('22aac329-d6e9-4975-980d-9f5ed6b989b5', '214399ed-8ca6-404c-bd35-89208c8610bf', 'en', 'Diblong Drink', 'diblong-drink', 'A balanced drink for evening ease and a mature, composed mood.', '<p>Subtle herbal notes and refined sweetness for moments when you want a slower rhythm. Moderation and personal boundaries matter.</p>', 'Serve chilled. Avoid mixing with alcohol if you are stimulation-sensitive.', NULL, 'Food supplement is not a substitute for a balanced diet. Keep away from children.', 'Diblong Drink | Diblong', 'A balanced drink for evening ease and a mature, composed mood.', 'Diblong Drink', 'A balanced drink for evening ease and a mature, composed mood.', NULL, '/en/product/diblong-drink');
INSERT INTO public."ProductTranslation" (id, "productId", locale, title, slug, "shortDescription", "longDescription", "usageNotes", "faqJson", disclaimer, "metaTitle", "metaDescription", "ogTitle", "ogDescription", "ogImageUrl", "canonicalPath") VALUES ('b91eafa4-90a7-451b-ab85-d053fbdf4158', '214399ed-8ca6-404c-bd35-89208c8610bf', 'hr', 'Diblong Drink', 'diblong-drink', 'Uravnoteženo piće za večernje smirivanje i zrelo iskustvo.', '<p>Suptilne biljne note i elegantna slatkoća za trenutke sporijeg ritma. Umjerenost i osobne granice su bitne.</p>', 'Poslužite ohlađeno. Izbjegavajte miješanje s alkoholom ako ste osjetljivi.', NULL, 'Dodatak prehrani nije zamjena za uravnoteženu prehranu. Čuvati izvan dosega djece.', 'Diblong Drink | Diblong', 'Uravnoteženo piće za večernje smirivanje i zrelo iskustvo.', 'Diblong Drink', 'Uravnoteženo piće za večernje smirivanje i zrelo iskustvo.', NULL, '/hr/proizvod/diblong-drink');
INSERT INTO public."ProductTranslation" (id, "productId", locale, title, slug, "shortDescription", "longDescription", "usageNotes", "faqJson", disclaimer, "metaTitle", "metaDescription", "ogTitle", "ogDescription", "ogImageUrl", "canonicalPath") VALUES ('89521416-ef7f-42a6-85f7-96b79526a424', 'b7b04cbf-1ecc-4979-848c-fad81e474084', 'sl', 'Diblong Shot', 'diblong-shot', 'Kompaktna izkušnja — intenzivna aromatičnost v elegantnem formatu.', '<p>Shot oblika je zasnovana za hitro pripravo in diskretno uživanje. Tekstura je gladka, okus pa uravnotežen, da ohranja premičen ton znamke.</p>', 'Zaužijte neposredno iz stekleničke. Priporočena količina: 1 način uporabe na dogodek.', NULL, 'Ni primeren za nosečnice in mladoletnike. Pri zdravstvenih težavah se posvetujte z zdravnikom.', 'Diblong Shot | Diblong', 'Kompaktna izkušnja — intenzivna aromatičnost v elegantnem formatu.', 'Diblong Shot', 'Kompaktna izkušnja — intenzivna aromatičnost v elegantnem formatu.', 'https://diblong.com/assets/images/shot-yazi-yani.webp', '/sl/izdelek/diblong-shot');
INSERT INTO public."ProductTranslation" (id, "productId", locale, title, slug, "shortDescription", "longDescription", "usageNotes", "faqJson", disclaimer, "metaTitle", "metaDescription", "ogTitle", "ogDescription", "ogImageUrl", "canonicalPath") VALUES ('dd487608-2564-4344-b8c2-13a6339e9a06', 'b7b04cbf-1ecc-4979-848c-fad81e474084', 'en', 'Diblong Shot', 'diblong-shot', 'A compact experience — aromatic intensity in an elegant format.', '<p>The shot format is designed for quick preparation and discreet enjoyment. Smooth texture, balanced taste, premium tone.</p>', 'Consume directly from the vial. Recommended: single serving per occasion.', NULL, 'Not suitable for pregnancy or minors. Consult a clinician if you have health concerns.', 'Diblong Shot | Diblong', 'A compact experience — aromatic intensity in an elegant format.', 'Diblong Shot', 'A compact experience — aromatic intensity in an elegant format.', 'https://diblong.com/assets/images/shot-yazi-yani.webp', '/en/product/diblong-shot');
INSERT INTO public."ProductTranslation" (id, "productId", locale, title, slug, "shortDescription", "longDescription", "usageNotes", "faqJson", disclaimer, "metaTitle", "metaDescription", "ogTitle", "ogDescription", "ogImageUrl", "canonicalPath") VALUES ('24c24b5b-31a0-40a9-8dd3-9093390c8312', 'b7b04cbf-1ecc-4979-848c-fad81e474084', 'hr', 'Diblong Shot', 'diblong-shot', 'Kompaktno iskustvo — aromatična intenzivnost u elegantnom formatu.', '<p>Shot format brza priprema i diskretno uživanje. Glatka tekstura, uravnotežen okus, premium ton.', 'Konumirajte iz bočice. Preporuka: jedna porcija po prigodi.', NULL, 'Nije prikladno za trudnoće i maloljetnike. Posavjetujte se s liječnikom.', 'Diblong Shot | Diblong', 'Kompaktno iskustvo — aromatična intenzivnost u elegantnom formatu.', 'Diblong Shot', 'Kompaktno iskustvo — aromatična intenzivnost u elegantnom formatu.', 'https://diblong.com/assets/images/shot-yazi-yani.webp', '/hr/proizvod/diblong-shot');
INSERT INTO public."ProductTranslation" (id, "productId", locale, title, slug, "shortDescription", "longDescription", "usageNotes", "faqJson", disclaimer, "metaTitle", "metaDescription", "ogTitle", "ogDescription", "ogImageUrl", "canonicalPath") VALUES ('4b7156cd-393f-45b9-a44d-daa05e9ebddd', '24f42c31-9558-4358-a990-c471724df551', 'sl', 'Diblong Power Honey', 'diblong-power-honey', 'Gosta medena tekstura z zeliščnim ozadjem — za počasne trenutke.', '<p>Power Honey združuje sladkobo in globino okusa. Priporočamo uživanje v mirnem okolju, kjer lahko občutite teksturo in aromo brez hitenja.</p>', '1 žlička na priložnost. Ne segrevajte nad 40 °C.', NULL, 'Vsebuje med — ni primeren za alergike na cvetni prah.', 'Diblong Power Honey | Diblong', 'Gosta medena tekstura z zeliščnim ozadjem — za počasne trenutke.', 'Diblong Power Honey', 'Gosta medena tekstura z zeliščnim ozadjem — za počasne trenutke.', 'https://diblong.com/assets/images/honey/k1.webp', '/sl/izdelek/diblong-power-honey');
INSERT INTO public."ProductTranslation" (id, "productId", locale, title, slug, "shortDescription", "longDescription", "usageNotes", "faqJson", disclaimer, "metaTitle", "metaDescription", "ogTitle", "ogDescription", "ogImageUrl", "canonicalPath") VALUES ('f85b37ff-ec1c-4bcc-9b6a-ee7162cef945', '24f42c31-9558-4358-a990-c471724df551', 'en', 'Diblong Power Honey', 'diblong-power-honey', 'Rich honey texture with a herbal backdrop — for slow moments.', '<p>Power Honey combines sweetness and depth. Best enjoyed calmly, noticing texture and aroma.</p>', 'One teaspoon per occasion. Do not heat above 40 °C.', NULL, 'Contains honey — not suitable for pollen allergy.', 'Diblong Power Honey | Diblong', 'Rich honey texture with a herbal backdrop — for slow moments.', 'Diblong Power Honey', 'Rich honey texture with a herbal backdrop — for slow moments.', 'https://diblong.com/assets/images/honey/k1.webp', '/en/product/diblong-power-honey');
INSERT INTO public."ProductTranslation" (id, "productId", locale, title, slug, "shortDescription", "longDescription", "usageNotes", "faqJson", disclaimer, "metaTitle", "metaDescription", "ogTitle", "ogDescription", "ogImageUrl", "canonicalPath") VALUES ('13d30b8d-a0cd-49bc-b68b-1a168294465c', '24f42c31-9558-4358-a990-c471724df551', 'hr', 'Diblong Power Honey', 'diblong-power-honey', 'Gusta medena tekstura s biljnim pozadinskim tonom — za sporije trenutke.', '<p>Power Honey spaja slatkoću i dubinu. Najbolje uživati smireno, uz pažnju na teksturu i aromu.</p>', '1 žličica po prigodi. Ne zagrijavajte iznad 40 °C.', NULL, 'Sadrži med — nije prikladno za alergiju na pelud.', 'Diblong Power Honey | Diblong', 'Gusta medena tekstura s biljnim pozadinskim tonom — za sporije trenutke.', 'Diblong Power Honey', 'Gusta medena tekstura s biljnim pozadinskim tonom — za sporije trenutke.', 'https://diblong.com/assets/images/honey/k1.webp', '/hr/proizvod/diblong-power-honey');
INSERT INTO public."ProductTranslation" (id, "productId", locale, title, slug, "shortDescription", "longDescription", "usageNotes", "faqJson", disclaimer, "metaTitle", "metaDescription", "ogTitle", "ogDescription", "ogImageUrl", "canonicalPath") VALUES ('06875822-3295-4204-b597-bf0621659aec', 'be88a6c0-08e6-47bb-98f4-3da25fca7bc7', 'sl', 'Diblong Herbal Paste', 'diblong-zeliscna-pasta', 'Kremasta pasta za ritual nanašanja in zaznavno bogatejšo teksturo.', '<p>Pasta oblika omogoča postopen nadzor količine. Zeliščni profil je zmeren, da ostane eleganten in ne vsiljiv.</p>', 'Nanesite z čisto žličko. Po uporabi zaprite posodo.', NULL, 'Hranite na suhem in hladnem mestu.', 'Diblong Herbal Paste | Diblong', 'Kremasta pasta za ritual nanašanja in zaznavno bogatejšo teksturo.', 'Diblong Herbal Paste', 'Kremasta pasta za ritual nanašanja in zaznavno bogatejšo teksturo.', NULL, '/sl/izdelek/diblong-zeliscna-pasta');
INSERT INTO public."ProductTranslation" (id, "productId", locale, title, slug, "shortDescription", "longDescription", "usageNotes", "faqJson", disclaimer, "metaTitle", "metaDescription", "ogTitle", "ogDescription", "ogImageUrl", "canonicalPath") VALUES ('230e528d-2ed5-40ea-827b-8b959a616602', 'be88a6c0-08e6-47bb-98f4-3da25fca7bc7', 'en', 'Diblong Herbal Paste', 'diblong-herbal-paste', 'Creamy paste for a tactile ritual and richer mouthfeel.', '<p>Paste format gives gradual control. Herbal profile stays moderate and refined.</p>', 'Apply with a clean spoon. Reseal after use.', NULL, 'Store cool and dry.', 'Diblong Herbal Paste | Diblong', 'Creamy paste for a tactile ritual and richer mouthfeel.', 'Diblong Herbal Paste', 'Creamy paste for a tactile ritual and richer mouthfeel.', NULL, '/en/product/diblong-herbal-paste');
INSERT INTO public."ProductTranslation" (id, "productId", locale, title, slug, "shortDescription", "longDescription", "usageNotes", "faqJson", disclaimer, "metaTitle", "metaDescription", "ogTitle", "ogDescription", "ogImageUrl", "canonicalPath") VALUES ('84c8752f-ead0-4486-b107-7bcb0af0aae9', 'be88a6c0-08e6-47bb-98f4-3da25fca7bc7', 'hr', 'Diblong biljna pasta', 'diblong-biljna-pasta', 'Kremasta pasta za ritual nanošenja i bogatiju teksturu.', '<p>Format paste omogućuje postepenu kontrolu količine. Biljni profil ostaje umjeren i elegantan.</p>', 'Nanesite čistom žličicom. Zatvorite nakon upotrebe.', NULL, 'Čuvati suho i rashlađeno.', 'Diblong biljna pasta | Diblong', 'Kremasta pasta za ritual nanošenja i bogatiju teksturu.', 'Diblong biljna pasta', 'Kremasta pasta za ritual nanošenja i bogatiju teksturu.', NULL, '/hr/proizvod/diblong-biljna-pasta');
INSERT INTO public."ProductTranslation" (id, "productId", locale, title, slug, "shortDescription", "longDescription", "usageNotes", "faqJson", disclaimer, "metaTitle", "metaDescription", "ogTitle", "ogDescription", "ogImageUrl", "canonicalPath") VALUES ('6c097b96-a98a-4b11-9315-01f79eea1269', 'e5dd4d78-cc89-4099-9756-f18c1817e3ea', 'sl', 'Diblong Bonbon', 'diblong-bonbon', 'Elegantna sladica z zeliščnim jedrom — diskreten format.', '<p>Bonbon združuje čokoladno tančico in noto, ki ostane subtilna. Priporočamo hranjenje pri sobni temperaturi stran od sončne svetlobe.</p>', '1 kos na priložnost. Uživajte počasi.', NULL, 'Vsebuje sladkor in mlečne sestavine.', 'Diblong Bonbon | Diblong', 'Elegantna sladica z zeliščnim jedrom — diskreten format.', 'Diblong Bonbon', 'Elegantna sladica z zeliščnim jedrom — diskreten format.', 'https://diblong.com/assets/images/bonbon-yazi-yani.webp', '/sl/izdelek/diblong-bonbon');
INSERT INTO public."ProductTranslation" (id, "productId", locale, title, slug, "shortDescription", "longDescription", "usageNotes", "faqJson", disclaimer, "metaTitle", "metaDescription", "ogTitle", "ogDescription", "ogImageUrl", "canonicalPath") VALUES ('242a5b4e-be10-44ac-939d-f830b61cf48f', 'e5dd4d78-cc89-4099-9756-f18c1817e3ea', 'en', 'Diblong Bonbon', 'diblong-bonbon', 'An elegant confection with a herbal core — discreet format.', '<p>Fine coating, subtle core notes. Store at room temperature away from direct light.</p>', 'One piece per occasion. Enjoy slowly.', NULL, 'Contains sugar and dairy.', 'Diblong Bonbon | Diblong', 'An elegant confection with a herbal core — discreet format.', 'Diblong Bonbon', 'An elegant confection with a herbal core — discreet format.', 'https://diblong.com/assets/images/bonbon-yazi-yani.webp', '/en/product/diblong-bonbon');
INSERT INTO public."ProductTranslation" (id, "productId", locale, title, slug, "shortDescription", "longDescription", "usageNotes", "faqJson", disclaimer, "metaTitle", "metaDescription", "ogTitle", "ogDescription", "ogImageUrl", "canonicalPath") VALUES ('7399f42d-e958-44bb-a288-9d93fd251183', 'e5dd4d78-cc89-4099-9756-f18c1817e3ea', 'hr', 'Diblong Bonbon', 'diblong-bonbon', 'Elegantan slatkiš s biljnim srcem — diskretan format.', '<p>Fina obloga, suptilne note. Čuvati na sobnoj temperaturi izvan izravne svjetlosti.</p>', '1 komad po prigodi. Uživajte polako.', NULL, 'Sadrži šećer i mliječne sastojke.', 'Diblong Bonbon | Diblong', 'Elegantan slatkiš s biljnim srcem — diskretan format.', 'Diblong Bonbon', 'Elegantan slatkiš s biljnim srcem — diskretan format.', 'https://diblong.com/assets/images/bonbon-yazi-yani.webp', '/hr/proizvod/diblong-bonbon');
INSERT INTO public."ProductTranslation" (id, "productId", locale, title, slug, "shortDescription", "longDescription", "usageNotes", "faqJson", disclaimer, "metaTitle", "metaDescription", "ogTitle", "ogDescription", "ogImageUrl", "canonicalPath") VALUES ('5ef3d4a6-9788-4da5-8b22-b6ef70f0041a', 'a7837b0d-dc60-4d4c-81ac-ae613d4163c8', 'sl', 'Diblong Herbal Capsule', 'diblong-zeliscne-kapsule', 'Kapsule za enostavno rutino — merljiva količina, premičen ton.', '<p>Vsaka kapsula vsebuje skrbno izbrane surovine. Oblika je zasnovana za potovalno torbo in diskretno shranjevanje.</p>', 'Sledite navodilu na etiketi. Ne presegajte priporočene dnevne količine.', NULL, 'Prehransko dopolnilo.', 'Diblong Herbal Capsule | Diblong', 'Kapsule za enostavno rutino — merljiva količina, premičen ton.', 'Diblong Herbal Capsule', 'Kapsule za enostavno rutino — merljiva količina, premičen ton.', 'https://diblong.com/assets/images/kapsul-yazi-yani.webp', '/sl/izdelek/diblong-zeliscne-kapsule');
INSERT INTO public."ProductTranslation" (id, "productId", locale, title, slug, "shortDescription", "longDescription", "usageNotes", "faqJson", disclaimer, "metaTitle", "metaDescription", "ogTitle", "ogDescription", "ogImageUrl", "canonicalPath") VALUES ('401a47ae-de33-439a-8a7b-14d5067bad31', 'a7837b0d-dc60-4d4c-81ac-ae613d4163c8', 'en', 'Diblong Herbal Capsule', 'diblong-herbal-capsules', 'Capsules for a simple routine — measured, premium tone.', '<p>Each capsule contains curated botanical inputs. Travel-friendly, discreet storage.</p>', 'Follow label directions. Do not exceed the recommended daily amount.', NULL, 'Food supplement.', 'Diblong Herbal Capsule | Diblong', 'Capsules for a simple routine — measured, premium tone.', 'Diblong Herbal Capsule', 'Capsules for a simple routine — measured, premium tone.', 'https://diblong.com/assets/images/kapsul-yazi-yani.webp', '/en/product/diblong-herbal-capsules');
INSERT INTO public."ProductTranslation" (id, "productId", locale, title, slug, "shortDescription", "longDescription", "usageNotes", "faqJson", disclaimer, "metaTitle", "metaDescription", "ogTitle", "ogDescription", "ogImageUrl", "canonicalPath") VALUES ('8c39ba86-d44e-4a0d-a310-91c754771c40', 'a7837b0d-dc60-4d4c-81ac-ae613d4163c8', 'hr', 'Diblong biljne kapsule', 'diblong-biljne-kapsule', 'Kapsule za jednostavnu rutinu — izmjerena količina, premium ton.', '<p>Svaka kapsula sadrži odabrane biljne ulaze. Prikladno za put i diskretno skladištenje.</p>', 'Pridržavajte se uputa na etiketi. Ne prelazite preporučene dnevne količine.', NULL, 'Dodatak prehrani.', 'Diblong biljne kapsule | Diblong', 'Kapsule za jednostavnu rutinu — izmjerena količina, premium ton.', 'Diblong biljne kapsule', 'Kapsule za jednostavnu rutinu — izmjerena količina, premium ton.', 'https://diblong.com/assets/images/kapsul-yazi-yani.webp', '/hr/proizvod/diblong-biljne-kapsule');
INSERT INTO public."ProductTranslation" (id, "productId", locale, title, slug, "shortDescription", "longDescription", "usageNotes", "faqJson", disclaimer, "metaTitle", "metaDescription", "ogTitle", "ogDescription", "ogImageUrl", "canonicalPath") VALUES ('a4ff1789-543c-48ee-960f-5a1521789873', 'eaefca8f-fe12-4c20-9a6b-e121112d0b78', 'sl', 'Diblong Turkish Delight Bar', 'diblong-rahat-lokum', 'Mehka štanglica z cvetnimi notami in zeliščnim pridihom.', '<p>Tekstura se topi počasi; primeren je za deljenje ali osebni užitek. Priporočamo skladiščenje v hladilniku po odprtju.</p>', 'Po odprtju porabite v 7 dneh.', NULL, 'Vsebuje oreščke (lahko sledi). Preverite etiketo.', 'Diblong Turkish Delight Bar | Diblong', 'Mehka štanglica z cvetnimi notami in zeliščnim pridihom.', 'Diblong Turkish Delight Bar', 'Mehka štanglica z cvetnimi notami in zeliščnim pridihom.', NULL, '/sl/izdelek/diblong-rahat-lokum');
INSERT INTO public."ProductTranslation" (id, "productId", locale, title, slug, "shortDescription", "longDescription", "usageNotes", "faqJson", disclaimer, "metaTitle", "metaDescription", "ogTitle", "ogDescription", "ogImageUrl", "canonicalPath") VALUES ('9c61c54d-2a23-4706-aad2-249274dadcba', 'eaefca8f-fe12-4c20-9a6b-e121112d0b78', 'en', 'Diblong Turkish Delight Bar', 'diblong-turkish-delight-bar', 'Soft bar with floral notes and a herbal accent.', '<p>Slow-melting texture — shareable or personal. Refrigerate after opening.</p>', 'Consume within 7 days after opening.', NULL, 'May contain nuts. Check label.', 'Diblong Turkish Delight Bar | Diblong', 'Soft bar with floral notes and a herbal accent.', 'Diblong Turkish Delight Bar', 'Soft bar with floral notes and a herbal accent.', NULL, '/en/product/diblong-turkish-delight-bar');
INSERT INTO public."ProductTranslation" (id, "productId", locale, title, slug, "shortDescription", "longDescription", "usageNotes", "faqJson", disclaimer, "metaTitle", "metaDescription", "ogTitle", "ogDescription", "ogImageUrl", "canonicalPath") VALUES ('a897eb90-09ec-468f-9db1-21eff7995c9e', 'eaefca8f-fe12-4c20-9a6b-e121112d0b78', 'hr', 'Diblong rahat lokum štanglica', 'diblong-rahat-lokum', 'Mekana štanglica s cvjetnim notama i biljnim naglaskom.', '<p>Sporo topljenje — za dijeljenje ili osobno. Hladiti nakon otvaranja.</p>', 'Potrošiti unutar 7 dana nakon otvaranja.', NULL, 'Može sadržavati orašaste plodove. Provjerite etiketu.', 'Diblong rahat lokum štanglica | Diblong', 'Mekana štanglica s cvjetnim notama i biljnim naglaskom.', 'Diblong rahat lokum štanglica', 'Mekana štanglica s cvjetnim notama i biljnim naglaskom.', NULL, '/hr/proizvod/diblong-rahat-lokum');
INSERT INTO public."ProductTranslation" (id, "productId", locale, title, slug, "shortDescription", "longDescription", "usageNotes", "faqJson", disclaimer, "metaTitle", "metaDescription", "ogTitle", "ogDescription", "ogImageUrl", "canonicalPath") VALUES ('f6f4c57e-cb19-437b-b3cb-d38d57001432', 'cb118746-e14a-45f5-b52d-56875b14db0d', 'sl', 'Diblong Chocolate', 'diblong-cokolada', 'Temna čokolada z zeliščnim profilom — uravnotežen okus.', '<p>Kakavova intenzivnost in subtilna grenkoba ustvarjata zrelo doživetje. Idealno za večerni ritual.</p>', '1–2 rezini na priložnost.', NULL, 'Vsebuje mleko in sojo.', 'Diblong Chocolate | Diblong', 'Temna čokolada z zeliščnim profilom — uravnotežen okus.', 'Diblong Chocolate', 'Temna čokolada z zeliščnim profilom — uravnotežen okus.', NULL, '/sl/izdelek/diblong-cokolada');
INSERT INTO public."ProductTranslation" (id, "productId", locale, title, slug, "shortDescription", "longDescription", "usageNotes", "faqJson", disclaimer, "metaTitle", "metaDescription", "ogTitle", "ogDescription", "ogImageUrl", "canonicalPath") VALUES ('89c88dda-bffe-4a2b-ac9a-291d530250be', 'cb118746-e14a-45f5-b52d-56875b14db0d', 'en', 'Diblong Chocolate', 'diblong-chocolate', 'Dark chocolate with a balanced herbal profile.', '<p>Cocoa intensity with subtle bitterness — a mature evening ritual.</p>', '1–2 pieces per occasion.', NULL, 'Contains milk and soy.', 'Diblong Chocolate | Diblong', 'Dark chocolate with a balanced herbal profile.', 'Diblong Chocolate', 'Dark chocolate with a balanced herbal profile.', NULL, '/en/product/diblong-chocolate');
INSERT INTO public."ProductTranslation" (id, "productId", locale, title, slug, "shortDescription", "longDescription", "usageNotes", "faqJson", disclaimer, "metaTitle", "metaDescription", "ogTitle", "ogDescription", "ogImageUrl", "canonicalPath") VALUES ('80590c23-6294-40f4-af21-fe196fae0c0a', 'cb118746-e14a-45f5-b52d-56875b14db0d', 'hr', 'Diblong čokolada', 'diblong-cokolada', 'Tamna čokolada s uravnoteženim biljnim profilom.', '<p>Intenzivnost kakaa i suptilna gorkoća — zreli večernji ritual.</p>', '1–2 komada po prigodi.', NULL, 'Sadrži mlijeko i soju.', 'Diblong čokolada | Diblong', 'Tamna čokolada s uravnoteženim biljnim profilom.', 'Diblong čokolada', 'Tamna čokolada s uravnoteženim biljnim profilom.', NULL, '/hr/proizvod/diblong-cokolada');
INSERT INTO public."ProductTranslation" (id, "productId", locale, title, slug, "shortDescription", "longDescription", "usageNotes", "faqJson", disclaimer, "metaTitle", "metaDescription", "ogTitle", "ogDescription", "ogImageUrl", "canonicalPath") VALUES ('44c98142-fced-4876-b59a-13fed2d7fbc4', '3b28d4b8-8260-4684-ba66-b318236403c7', 'sl', 'Diblong Lady Chocolate', 'diblong-lady-cokolada', 'Mehkejša nota in elegantnejša sladkoba — oblikovano za subtilnejši okus.', '<p>Lady linija poudarja zračnejšo teksturo in cvetne pridihe, obvladano z zeliščnim ozadjem.</p>', '1–2 rezini na priložnost.', NULL, 'Vsebuje mleko in sojo.', 'Diblong Lady Chocolate | Diblong', 'Mehkejša nota in elegantnejša sladkoba — oblikovano za subtilnejši okus.', 'Diblong Lady Chocolate', 'Mehkejša nota in elegantnejša sladkoba — oblikovano za subtilnejši okus.', NULL, '/sl/izdelek/diblong-lady-cokolada');
INSERT INTO public."ProductTranslation" (id, "productId", locale, title, slug, "shortDescription", "longDescription", "usageNotes", "faqJson", disclaimer, "metaTitle", "metaDescription", "ogTitle", "ogDescription", "ogImageUrl", "canonicalPath") VALUES ('c0ace124-b448-4116-81df-5f9d8c596f75', '3b28d4b8-8260-4684-ba66-b318236403c7', 'en', 'Diblong Lady Chocolate', 'diblong-lady-chocolate', 'Softer notes and elegant sweetness — refined taste.', '<p>Lady line emphasizes airy texture and floral hints with a controlled herbal backdrop.</p>', '1–2 pieces per occasion.', NULL, 'Contains milk and soy.', 'Diblong Lady Chocolate | Diblong', 'Softer notes and elegant sweetness — refined taste.', 'Diblong Lady Chocolate', 'Softer notes and elegant sweetness — refined taste.', NULL, '/en/product/diblong-lady-chocolate');
INSERT INTO public."ProductTranslation" (id, "productId", locale, title, slug, "shortDescription", "longDescription", "usageNotes", "faqJson", disclaimer, "metaTitle", "metaDescription", "ogTitle", "ogDescription", "ogImageUrl", "canonicalPath") VALUES ('0d39b670-325d-4df9-8395-775d1943a5f7', '3b28d4b8-8260-4684-ba66-b318236403c7', 'hr', 'Diblong Lady čokolada', 'diblong-lady-cokolada', 'Mekše note i elegantnija slatkoća — profinjeniji okus.', '<p>Lady linija naglašava zračniju teksturu i cvjetne tragove uz kontrolirano biljno pozadinu.</p>', '1–2 komada po prigodi.', NULL, 'Sadrži mlijeko i soju.', 'Diblong Lady čokolada | Diblong', 'Mekše note i elegantnija slatkoća — profinjeniji okus.', 'Diblong Lady čokolada', 'Mekše note i elegantnija slatkoća — profinjeniji okus.', NULL, '/hr/proizvod/diblong-lady-cokolada');
INSERT INTO public."ProductTranslation" (id, "productId", locale, title, slug, "shortDescription", "longDescription", "usageNotes", "faqJson", disclaimer, "metaTitle", "metaDescription", "ogTitle", "ogDescription", "ogImageUrl", "canonicalPath") VALUES ('ee7187f5-38f1-42b6-b3bb-ef10c737f590', '8fdb2865-3d0a-4635-9dbd-b7cdf2d7f9d1', 'sl', 'Diblong Coffee', 'diblong-kava', 'Mešanica za pripravo aromatične kave z zeliščnim pridihom.', '<p>Zrnato ravnovesje grenkobe in topline. Priporočamo pripravo z drip ali french press za čistejši okus.</p>', '10 g na skodelico (180 ml), voda 92–96 °C.', NULL, 'Vsebuje kofein.', 'Diblong Coffee | Diblong', 'Mešanica za pripravo aromatične kave z zeliščnim pridihom.', 'Diblong Coffee', 'Mešanica za pripravo aromatične kave z zeliščnim pridihom.', 'https://diblong.com/assets/images/kahve-yazi-yani.webp', '/sl/izdelek/diblong-kava');
INSERT INTO public."ProductTranslation" (id, "productId", locale, title, slug, "shortDescription", "longDescription", "usageNotes", "faqJson", disclaimer, "metaTitle", "metaDescription", "ogTitle", "ogDescription", "ogImageUrl", "canonicalPath") VALUES ('43c3f96b-3144-44b6-890c-fe2b30043c6c', '8fdb2865-3d0a-4635-9dbd-b7cdf2d7f9d1', 'en', 'Diblong Coffee', 'diblong-coffee', 'A blend for aromatic coffee with a herbal accent.', '<p>Balanced bitterness and warmth. Drip or French press recommended.</p>', '10 g per cup (180 ml), water 92–96 °C.', NULL, 'Contains caffeine.', 'Diblong Coffee | Diblong', 'A blend for aromatic coffee with a herbal accent.', 'Diblong Coffee', 'A blend for aromatic coffee with a herbal accent.', 'https://diblong.com/assets/images/kahve-yazi-yani.webp', '/en/product/diblong-coffee');
INSERT INTO public."ProductTranslation" (id, "productId", locale, title, slug, "shortDescription", "longDescription", "usageNotes", "faqJson", disclaimer, "metaTitle", "metaDescription", "ogTitle", "ogDescription", "ogImageUrl", "canonicalPath") VALUES ('858d4ac2-b856-426a-b436-61967d01a834', '8fdb2865-3d0a-4635-9dbd-b7cdf2d7f9d1', 'hr', 'Diblong kava', 'diblong-kava', 'Mješavina za aromatičnu kavu s biljnim naglaskom.', '<p>Uravnotežena gorkoća i toplina. Preporuka: drip ili french press.</p>', '10 g po šalici (180 ml), voda 92–96 °C.', NULL, 'Sadrži kofein.', 'Diblong kava | Diblong', 'Mješavina za aromatičnu kavu s biljnim naglaskom.', 'Diblong kava', 'Mješavina za aromatičnu kavu s biljnim naglaskom.', 'https://diblong.com/assets/images/kahve-yazi-yani.webp', '/hr/proizvod/diblong-kava');
INSERT INTO public."ProductTranslation" (id, "productId", locale, title, slug, "shortDescription", "longDescription", "usageNotes", "faqJson", disclaimer, "metaTitle", "metaDescription", "ogTitle", "ogDescription", "ogImageUrl", "canonicalPath") VALUES ('2a7038fe-2fd6-4185-80e5-b8ebd9861aa6', '2fc8ab3e-4baf-4bdf-a945-6d6013ff4540', 'sl', 'Diblong Towel', 'diblong-brisaca', 'Mehka, vpojna brisača — premičen dodatek k ritualu nege.', '<p>Visoka gostota vlaken za prijeten dotik. Primerna za potovanja in domače wellness kotičke.</p>', 'Perte na 40 °C z blagim detergentom.', NULL, 'Barva se lahko ob pranju rahlo spremeni.', 'Diblong Towel | Diblong', 'Mehka, vpojna brisača — premičen dodatek k ritualu nege.', 'Diblong Towel', 'Mehka, vpojna brisača — premičen dodatek k ritualu nege.', 'https://diblong.com/assets/images/upl/mendilmanset.png', '/sl/izdelek/diblong-brisaca');
INSERT INTO public."ProductTranslation" (id, "productId", locale, title, slug, "shortDescription", "longDescription", "usageNotes", "faqJson", disclaimer, "metaTitle", "metaDescription", "ogTitle", "ogDescription", "ogImageUrl", "canonicalPath") VALUES ('69b33b39-ca43-4b3d-a1e2-a176bdbd1a1e', '2fc8ab3e-4baf-4bdf-a945-6d6013ff4540', 'en', 'Diblong Towel', 'diblong-towel', 'Soft, absorbent towel — a premium care accessory.', '<p>High fiber density for a pleasant touch. Travel-friendly.</p>', 'Machine wash 40 °C with mild detergent.', NULL, 'Color may shift slightly with washing.', 'Diblong Towel | Diblong', 'Soft, absorbent towel — a premium care accessory.', 'Diblong Towel', 'Soft, absorbent towel — a premium care accessory.', 'https://diblong.com/assets/images/upl/mendilmanset.png', '/en/product/diblong-towel');
INSERT INTO public."ProductTranslation" (id, "productId", locale, title, slug, "shortDescription", "longDescription", "usageNotes", "faqJson", disclaimer, "metaTitle", "metaDescription", "ogTitle", "ogDescription", "ogImageUrl", "canonicalPath") VALUES ('52cff031-36ed-4258-9e99-17880d498d5d', '2fc8ab3e-4baf-4bdf-a945-6d6013ff4540', 'hr', 'Diblong ručnik', 'diblong-rucnik', 'Mekan, upijajući ručnik — premium dodatak ritualu njege.', '<p>Visoka gustoća vlakana za ugodan dodir. Prikladno za putovanja.</p>', 'Prati na 40 °C s blagim deterdžentom.', NULL, 'Boja se može blago promijeniti pranjem.', 'Diblong ručnik | Diblong', 'Mekan, upijajući ručnik — premium dodatak ritualu njege.', 'Diblong ručnik', 'Mekan, upijajući ručnik — premium dodatak ritualu njege.', 'https://diblong.com/assets/images/upl/mendilmanset.png', '/hr/proizvod/diblong-rucnik');
INSERT INTO public."ProductTranslation" (id, "productId", locale, title, slug, "shortDescription", "longDescription", "usageNotes", "faqJson", disclaimer, "metaTitle", "metaDescription", "ogTitle", "ogDescription", "ogImageUrl", "canonicalPath") VALUES ('ad017c72-d7f7-48d8-a6d9-c8de44a26cc1', 'c5f1a00a-8833-4fac-b6d7-163047250ee2', 'sl', 'Diblong Spray', 'diblong-sprej', 'Razpršilo za hitro osvežitev in jasno, zračno noto.', '<p>Formula je zasnovana za tanko plast in enakomerno porazdelitev. Izogibajte se stiku z očmi.</p>', 'Zadržite 20–30 cm od kože. 1–2 pritiska zadoščata.', NULL, 'Testirajte na manjši površini pred prvo uporabo.', 'Diblong Spray | Diblong', 'Razpršilo za hitro osvežitev in jasno, zračno noto.', 'Diblong Spray', 'Razpršilo za hitro osvežitev in jasno, zračno noto.', 'https://diblong.com/assets/images/upl/spreymanset.png', '/sl/izdelek/diblong-sprej');
INSERT INTO public."ProductTranslation" (id, "productId", locale, title, slug, "shortDescription", "longDescription", "usageNotes", "faqJson", disclaimer, "metaTitle", "metaDescription", "ogTitle", "ogDescription", "ogImageUrl", "canonicalPath") VALUES ('055ddb7a-f710-4838-b595-c8f26a0e5869', 'c5f1a00a-8833-4fac-b6d7-163047250ee2', 'en', 'Diblong Spray', 'diblong-spray', 'A mist for quick refresh with a clear, airy note.', '<p>Fine mist, even distribution. Avoid eye contact.</p>', 'Hold 20–30 cm from skin. 1–2 pumps.', NULL, 'Patch test before first use.', 'Diblong Spray | Diblong', 'A mist for quick refresh with a clear, airy note.', 'Diblong Spray', 'A mist for quick refresh with a clear, airy note.', 'https://diblong.com/assets/images/upl/spreymanset.png', '/en/product/diblong-spray');
INSERT INTO public."ProductTranslation" (id, "productId", locale, title, slug, "shortDescription", "longDescription", "usageNotes", "faqJson", disclaimer, "metaTitle", "metaDescription", "ogTitle", "ogDescription", "ogImageUrl", "canonicalPath") VALUES ('555a6c78-b436-4b22-b9c6-1d203d66d2a7', 'c5f1a00a-8833-4fac-b6d7-163047250ee2', 'hr', 'Diblong sprej', 'diblong-sprej', 'Sprej za brzo osvježenje s jasnom, zračnom notom.', '<p>Fina magla, ravnomjerna raspodjela. Izbjegavajte kontakt s očima.</p>', 'Držite 20–30 cm od kože. 1–2 pritiska.', NULL, 'Testirajte na malom području prije prve uporabe.', 'Diblong sprej | Diblong', 'Sprej za brzo osvježenje s jasnom, zračnom notom.', 'Diblong sprej', 'Sprej za brzo osvježenje s jasnom, zračnom notom.', 'https://diblong.com/assets/images/upl/spreymanset.png', '/hr/proizvod/diblong-sprej');
INSERT INTO public."ProductTranslation" (id, "productId", locale, title, slug, "shortDescription", "longDescription", "usageNotes", "faqJson", disclaimer, "metaTitle", "metaDescription", "ogTitle", "ogDescription", "ogImageUrl", "canonicalPath") VALUES ('5b652c35-2697-4690-91a8-8d9f028d208a', 'deaab242-7bbf-4abc-846e-51158b4782a5', 'sl', 'Diblong Jelly', 'diblong-zele', 'Žele tekstura z elegantnim sijajem in zmerno sladkobo.', '<p>Jelly oblika omogoča igrivo serviranje. Shranjujte hladno po odprtju.</p>', '1 porcija na priložnost.', NULL, 'Vsebuje sladkor in želatino.', 'Diblong Jelly | Diblong', 'Žele tekstura z elegantnim sijajem in zmerno sladkobo.', 'Diblong Jelly', 'Žele tekstura z elegantnim sijajem in zmerno sladkobo.', 'https://diblong.com/assets/images/jel-yazi-yani.webp', '/sl/izdelek/diblong-zele');
INSERT INTO public."ProductTranslation" (id, "productId", locale, title, slug, "shortDescription", "longDescription", "usageNotes", "faqJson", disclaimer, "metaTitle", "metaDescription", "ogTitle", "ogDescription", "ogImageUrl", "canonicalPath") VALUES ('bc620e6e-29f3-4170-beb0-0425054f2a46', 'deaab242-7bbf-4abc-846e-51158b4782a5', 'en', 'Diblong Jelly', 'diblong-jelly', 'Gel texture with elegant gloss and moderate sweetness.', '<p>Playful serving format. Refrigerate after opening.</p>', 'One serving per occasion.', NULL, 'Contains sugar and gelatin.', 'Diblong Jelly | Diblong', 'Gel texture with elegant gloss and moderate sweetness.', 'Diblong Jelly', 'Gel texture with elegant gloss and moderate sweetness.', 'https://diblong.com/assets/images/jel-yazi-yani.webp', '/en/product/diblong-jelly');
INSERT INTO public."ProductTranslation" (id, "productId", locale, title, slug, "shortDescription", "longDescription", "usageNotes", "faqJson", disclaimer, "metaTitle", "metaDescription", "ogTitle", "ogDescription", "ogImageUrl", "canonicalPath") VALUES ('be0f7974-6cd3-4def-9e36-d7f87fbdb873', 'deaab242-7bbf-4abc-846e-51158b4782a5', 'hr', 'Diblong žele', 'diblong-zele', 'Žele tekstura s elegantnim sjajem i umjerenom slatkoćom.', '<p>Igrativ format posluživanja. Hladiti nakon otvaranja.</p>', 'Jedna porcija po prigodi.', NULL, 'Sadrži šećer i želatinu.', 'Diblong žele | Diblong', 'Žele tekstura s elegantnim sjajem i umjerenom slatkoćom.', 'Diblong žele', 'Žele tekstura s elegantnim sjajem i umjerenom slatkoćom.', 'https://diblong.com/assets/images/jel-yazi-yani.webp', '/hr/proizvod/diblong-zele');
INSERT INTO public."ProductTranslation" (id, "productId", locale, title, slug, "shortDescription", "longDescription", "usageNotes", "faqJson", disclaimer, "metaTitle", "metaDescription", "ogTitle", "ogDescription", "ogImageUrl", "canonicalPath") VALUES ('e7dec0fc-f028-46b5-b069-68379e34ad48', '6f7a6021-752c-4c7c-8884-561e6786dce7', 'sl', 'Diblong Condom', 'diblong-kondom', 'Diskreten zaščitni izdelek v premični izvedbi.', '<p>Izdelan za zanesljivost in udobje. Pakiranje je nevpadljivo, etiketa jasna in informativna.</p>', 'Upoštevajte navodila proizvajalca na embalaži.', NULL, 'Medicinski pripomoček / CE (vzorec). Preverite rok uporabe.', 'Diblong Condom | Diblong', 'Diskreten zaščitni izdelek v premični izvedbi.', 'Diblong Condom', 'Diskreten zaščitni izdelek v premični izvedbi.', 'https://diblong.com/assets/images/YAKIN-TEMAS-3.jpg', '/sl/izdelek/diblong-kondom');
INSERT INTO public."ProductTranslation" (id, "productId", locale, title, slug, "shortDescription", "longDescription", "usageNotes", "faqJson", disclaimer, "metaTitle", "metaDescription", "ogTitle", "ogDescription", "ogImageUrl", "canonicalPath") VALUES ('2233978f-bd7f-40de-a30e-78fe94f7a1d6', '6f7a6021-752c-4c7c-8884-561e6786dce7', 'en', 'Diblong Condom', 'diblong-condom', 'A discreet protective product in a premium execution.', '<p>Designed for reliability and comfort. Neutral outer packaging.</p>', 'Follow manufacturer instructions on the box.', NULL, 'Medical device / CE (sample). Check expiry.', 'Diblong Condom | Diblong', 'A discreet protective product in a premium execution.', 'Diblong Condom', 'A discreet protective product in a premium execution.', 'https://diblong.com/assets/images/YAKIN-TEMAS-3.jpg', '/en/product/diblong-condom');
INSERT INTO public."ProductTranslation" (id, "productId", locale, title, slug, "shortDescription", "longDescription", "usageNotes", "faqJson", disclaimer, "metaTitle", "metaDescription", "ogTitle", "ogDescription", "ogImageUrl", "canonicalPath") VALUES ('41a735cd-1bf6-4301-91b0-6f2d72132664', '6f7a6021-752c-4c7c-8884-561e6786dce7', 'hr', 'Diblong kondom', 'diblong-kondom', 'Diskretan zaštitni proizvod u premium izvedbi.', '<p>Dizajnirano za pouzdanost i udobnost. Neutralno vanjsko pakiranje.</p>', 'Pridržavajte se uputa proizvođača na kutiji.', NULL, 'Medicinski proizvod / CE (uzorak). Provjerite rok.', 'Diblong kondom | Diblong', 'Diskretan zaštitni proizvod u premium izvedbi.', 'Diblong kondom', 'Diskretan zaštitni proizvod u premium izvedbi.', 'https://diblong.com/assets/images/YAKIN-TEMAS-3.jpg', '/hr/proizvod/diblong-kondom');


--
-- Data for Name: PromoBanner; Type: TABLE DATA; Schema: public; Owner: -
--

INSERT INTO public."PromoBanner" (id, "sortOrder", "isActive", "imageMediaId", "linkUrl") VALUES ('promo-hero-main', 1, true, NULL, '/sl/trgovina');


--
-- Data for Name: PromoBannerTranslation; Type: TABLE DATA; Schema: public; Owner: -
--

INSERT INTO public."PromoBannerTranslation" (id, "bannerId", locale, headline, subline, "ctaLabel", "ctaPath") VALUES ('f41a7752-1c49-4295-8105-6d5bbdd02c42', 'promo-hero-main', 'sl', 'Diblong — intimno dobro počutje, elegantno oblikovano', 'Odkrijte izbrane izdelke z zeliščnim izvornim jezikom znamke.', 'V trgovino', '/sl/trgovina');
INSERT INTO public."PromoBannerTranslation" (id, "bannerId", locale, headline, subline, "ctaLabel", "ctaPath") VALUES ('3895074c-9362-490f-aa28-9394ba215235', 'promo-hero-main', 'en', 'Diblong — intimate wellness, elegantly composed', 'Discover curated herbal expressions of the brand.', 'Shop the line', '/en/shop');
INSERT INTO public."PromoBannerTranslation" (id, "bannerId", locale, headline, subline, "ctaLabel", "ctaPath") VALUES ('3d81624a-93ab-4992-8253-6c7f75f68f67', 'promo-hero-main', 'hr', 'Diblong — intimna dobrobit, elegantno oblikovana', 'Otkrijte odabrane biljne izraze brenda.', 'U trgovinu', '/hr/trgovina');


--
-- Data for Name: RefreshToken; Type: TABLE DATA; Schema: public; Owner: -
--

INSERT INTO public."RefreshToken" (id, "userId", "tokenHash", "expiresAt", "createdAt") VALUES ('9216a6ac-df53-4712-9f91-e80922477f45', '3036c882-7d21-47cf-97c9-67beebcb3342', 'd206fce94563e6d6846092619a1e5206fc259e3368249af775bd89cea0f73fb9', '2026-04-20 19:06:44.224', '2026-04-13 19:06:44.225');


--
-- Data for Name: Role; Type: TABLE DATA; Schema: public; Owner: -
--

INSERT INTO public."Role" (id, name) VALUES ('aeaa1d18-cf91-49b7-a56e-19abe0e8b776', 'CUSTOMER');
INSERT INTO public."Role" (id, name) VALUES ('26a48b9b-377f-4fd5-96f4-c62fdcbb0393', 'STAFF');
INSERT INTO public."Role" (id, name) VALUES ('2a670256-a329-4017-8f9f-1a1834bcbdd6', 'ADMIN');


--
-- Data for Name: SeoEntry; Type: TABLE DATA; Schema: public; Owner: -
--



--
-- Data for Name: ShippingZone; Type: TABLE DATA; Schema: public; Owner: -
--

INSERT INTO public."ShippingZone" (id, name, "sortOrder") VALUES ('zone-eu', 'EU', 1);
INSERT INTO public."ShippingZone" (id, name, "sortOrder") VALUES ('zone-balkan', 'Balkan', 2);


--
-- Data for Name: ShippingCountry; Type: TABLE DATA; Schema: public; Owner: -
--

INSERT INTO public."ShippingCountry" (id, "zoneId", code, "notesSl", "notesEn", "notesHr") VALUES ('d9438663-ed69-4d87-b737-1b680ac9712a', 'zone-eu', 'SI', 'Dostava v 1–3 delovnih dneh po potrditvi plačila.', 'Delivery in 1–3 business days after payment confirmation.', 'Dostava za 1–3 radna dana nakon potvrde plaćanja.');
INSERT INTO public."ShippingCountry" (id, "zoneId", code, "notesSl", "notesEn", "notesHr") VALUES ('044e8494-26ad-4fab-aa82-1fda0c2d54d0', 'zone-balkan', 'HR', 'Dostava v 2–4 delovnih dneh; carinske formalnosti lahko podaljšajo rok.', 'Delivery in 2–4 business days; customs may extend timelines.', 'Dostava za 2–4 radna dana; carina može produžiti rok.');
INSERT INTO public."ShippingCountry" (id, "zoneId", code, "notesSl", "notesEn", "notesHr") VALUES ('a2ee6f08-f1de-4a8d-8ba5-e83d9d0afce5', 'zone-eu', 'DE', 'Dostava v 3–5 delovnih dneh.', 'Delivery in 3–5 business days.', 'Dostava za 3–5 radnih dana.');


--
-- Data for Name: ShippingRate; Type: TABLE DATA; Schema: public; Owner: -
--

INSERT INTO public."ShippingRate" (id, "zoneId", "flatRate", "freeShippingThreshold") VALUES ('rate-eu', 'zone-eu', 4.90, 79.00);
INSERT INTO public."ShippingRate" (id, "zoneId", "flatRate", "freeShippingThreshold") VALUES ('rate-balkan', 'zone-balkan', 6.90, 89.00);


--
-- Data for Name: SiteSetting; Type: TABLE DATA; Schema: public; Owner: -
--

INSERT INTO public."SiteSetting" (id, key, value) VALUES ('faea4992-ee7f-470d-b51b-2942c8241389', 'storefront', '{"brandName": "Diblong", "supportEmail": "support@diblong.com", "defaultLocale": "sl"}');


--
-- Data for Name: UserRole; Type: TABLE DATA; Schema: public; Owner: -
--

INSERT INTO public."UserRole" ("userId", "roleId") VALUES ('3036c882-7d21-47cf-97c9-67beebcb3342', '2a670256-a329-4017-8f9f-1a1834bcbdd6');
INSERT INTO public."UserRole" ("userId", "roleId") VALUES ('3036c882-7d21-47cf-97c9-67beebcb3342', 'aeaa1d18-cf91-49b7-a56e-19abe0e8b776');


--
-- Data for Name: WishlistItem; Type: TABLE DATA; Schema: public; Owner: -
--



--
-- PostgreSQL database dump complete
--

